<meta>
	<info author="-" type="script" name="New Scoreboard" description="DirectX scoreboard resource" showInResourceBrowser="true" version="2.7.1"/>

	<script src="dxscoreboard_exports.lua" type="server" />
	<script src="dxscoreboard_http.lua" type="server" />
	<script src="dxscoreboard_client.lua" type="client" />
	<script src="dxscoreboard_clientsettings.lua" type="client" />
	<script src="dxscoreboard_shared.lua" type="server" />
	<script src="dxscoreboard_shared.lua" type="client" />
	
	<script src="colorpicker/colorpicker.lua" type="client" />
	<file src="colorpicker/palette.png" />
	<file src="colorpicker/alpha.png" />
	
	<file src="arrow.png" />
	
	<file src="flags/ac.png" />
  <file src="flags/ad.png" />
  <file src="flags/ae.png" />
  <file src="flags/af.png" />
  <file src="flags/ag.png" />
  <file src="flags/ai.png" />
  <file src="flags/al.png" />
  <file src="flags/am.png" />
  <file src="flags/an.png" />
  <file src="flags/ao.png" />
  <file src="flags/aq.png" />
  <file src="flags/ar.png" />
  <file src="flags/as.png" />
  <file src="flags/at.png" />
  <file src="flags/au.png" />
  <file src="flags/aw.png" />
  <file src="flags/ax.png" />
  <file src="flags/az.png" />
  <file src="flags/ba.png" />
  <file src="flags/bb.png" />
  <file src="flags/bd.png" />
  <file src="flags/be.png" />
  <file src="flags/bf.png" />
  <file src="flags/bg.png" />
  <file src="flags/bh.png" />
  <file src="flags/bi.png" />
  <file src="flags/bj.png" />
  <file src="flags/bm.png" />
  <file src="flags/bn.png" />
  <file src="flags/bo.png" />
  <file src="flags/br.png" />
  <file src="flags/bs.png" />
  <file src="flags/bt.png" />
  <file src="flags/bv.png" />
  <file src="flags/bw.png" />
  <file src="flags/by.png" />
  <file src="flags/bz.png" />
  <file src="flags/ca.png" />
  <file src="flags/cc.png" />
  <file src="flags/cd.png" />
  <file src="flags/cf.png" />
  <file src="flags/cg.png" />
  <file src="flags/ch.png" />
  <file src="flags/ci.png" />
  <file src="flags/ck.png" />
  <file src="flags/cl.png" />
  <file src="flags/cm.png" />
  <file src="flags/cn.png" />
  <file src="flags/co.png" />
  <file src="flags/cr.png" />
  <file src="flags/cs.png" />
  <file src="flags/cu.png" />
  <file src="flags/cv.png" />
  <file src="flags/cx.png" />
  <file src="flags/cy.png" />
  <file src="flags/cz.png" />
  <file src="flags/de.png" />
  <file src="flags/dj.png" />
  <file src="flags/dk.png" />
  <file src="flags/dm.png" />
  <file src="flags/do.png" />
  <file src="flags/dz.png" />
  <file src="flags/ec.png" />
  <file src="flags/ee.png" />
  <file src="flags/eg.png" />
  <file src="flags/eh.png" />
  <file src="flags/er.png" />
  <file src="flags/es.png" />
  <file src="flags/et.png" />
  <file src="flags/eu.png" />
  <file src="flags/fi.png" />
  <file src="flags/fo.png" />
  <file src="flags/fr.png" />
  <file src="flags/ga.png" />
  <file src="flags/gb.png" />
  <file src="flags/gd.png" />
  <file src="flags/gl.png" />
  <file src="flags/gm.png" />
  <file src="flags/gw.png" />
  <file src="flags/gy.png" />
  <file src="flags/hu.png" />
  <file src="flags/id.png" />
  <file src="flags/ie.png" />
  <file src="flags/il.png" />
  <file src="flags/in.png" />
  <file src="flags/iq.png" />
  <file src="flags/is.png" />
  <file src="flags/it.png" />
  <file src="flags/ja.png" />
  <file src="flags/jm.png" />
  <file src="flags/jp.png" />
  <file src="flags/kw.png" />
  <file src="flags/lt.png" />
  <file src="flags/lu.png" />
  <file src="flags/lv.png" />
  <file src="flags/ly.png" />
  <file src="flags/mc.png" />
  <file src="flags/mg.png" />
  <file src="flags/mh.png" />
  <file src="flags/mt.png" />
  <file src="flags/ng.png" />
  <file src="flags/nl.png" />
  <file src="flags/no.png" />
  <file src="flags/nr.png" />
  <file src="flags/pa.png" />
  <file src="flags/pe.png" />
  <file src="flags/ph.png" />
  <file src="flags/pk.png" />
  <file src="flags/pl.png" />
  <file src="flags/pr.png" />
  <file src="flags/ps.png" />
  <file src="flags/pt.png" />
  <file src="flags/qa.png" />
  <file src="flags/re.png" />
  <file src="flags/ro.png" />
  <file src="flags/ru.png" />
  <file src="flags/rw.png" />
  <file src="flags/se.png" />
  <file src="flags/sj.png" />
  <file src="flags/sl.png" />
  <file src="flags/so.png" />
  <file src="flags/sy.png" />
  <file src="flags/td.png" />
  <file src="flags/tr.png" />
  <file src="flags/to.png" />
  <file src="flags/tv.png" />
  <file src="flags/ua.png" />
  <file src="flags/uk.png" />
  <file src="flags/um.png" />
  <file src="flags/us.png" />
  <file src="flags/vn.png" />
  <file src="flags/wf.png" />
  <file src="flags/ws.png" />
  <file src="flags/ye.png" />
  <file src="flags/yt.png" />
  <file src="flags/yu.png" />
  <file src="flags/za.png" />

	<!-- Render target speed up -->
	<script src="dxscoreboard_rt.lua" type="client" />
	<file src="rt_blend.fx" type="client" />
	
	<!-- HTTP functions, original files by jbeta -->
	<export function="getScoreboardColumns" type="server" http="true" />
	<export function="getScoreboardRows" type="server" http="true" />
	<html src="scoreboard.htm" default="true"/>
	<html src="scoreboard.css" raw="true" />
	<html src="scoreboard.js" raw="true" />

	<!-- Server functions -->
	<export function="scoreboardAddColumn" type="server"/>
	<export function="scoreboardRemoveColumn" type="server"/>
	<export function="scoreboardClearColumns" type="server"/>
	<export function="scoreboardResetColumns" type="server"/>
	<export function="scoreboardSetForced" type="server"/>
	<export function="scoreboardSetSortBy" type="server" />
	<export function="scoreboardGetColumnPriority" type="server" />
	<export function="scoreboardSetColumnPriority" type="server" />
	<export function="scoreboardGetColumnCount" type="server" />
	<export function="scoreboardForceTeamsVisible" type="server" />
	<export function="scoreboardForceTeamsHidden" type="server" />
	<export function="isPrioritySlotFree" type="server" />
	<export function="getNextFreePrioritySlot" type="server" />
	
	<!-- Client functions -->
	<export function="scoreboardAddColumn" type="client"/>
	<export function="scoreboardRemoveColumn" type="client"/>
	<export function="scoreboardClearColumns" type="client"/>
	<export function="scoreboardResetColumns" type="client"/>
	<export function="scoreboardSetForced" type="client"/>
	<export function="scoreboardSetColumnTextFunction" type="client"/>
	<export function="scoreboardSetSortBy" type="client" />
	<export function="scoreboardGetColumnPriority" type="client" />
	<export function="scoreboardSetColumnPriority" type="client" />
	<export function="scoreboardGetColumnCount" type="client" />
	<export function="scoreboardGetTopCornerPosition" type="client" />
	<export function="scoreboardGetSize" type="client" />
	<export function="scoreboardForceUpdate" type="client" />
	<export function="isPrioritySlotFree" type="client" />
	<export function="getNextFreePrioritySlot" type="client" />
	<export function="scoreboardGetSelectedRows" type="client" />
	
	<!-- Compability -->
	<export function="addScoreboardColumn" type="server"/>
	<export function="removeScoreboardColumn" type="server"/>
	<export function="resetScoreboardColumns" type="server"/>
	<export function="setPlayerScoreboardForced" type="server"/>
	<export function="setScoreboardForced" type="client"/>
	
	<settings>
		<setting name="*forceShowTeams" value="false"
			friendlyname="Force teams to be shown"
			group="General"
			accept="false,true"
			desc="Should the teams be always visible on the scoreboard, no matter what user has in the settings?" />
		<setting name="*forceHideTeams" value="false"
			friendlyname="Force teams to be hidden"
			group="General"
			accept="false,true"
			desc="Should the teams be always hidden on the scoreboard, no matter what user has in the settings?" />
		<setting name="*allowColorcodedNames" value="false"
			friendlyname="Allow colorcoded names"
			group="General"
			accept="false,true"
			desc="Should the player's color code be used as the display color in scoreboard?" />
		<setting name="*scrollStep" value="4"
			friendlyname="Number of lines to scroll"
			group="General"
			accept="1-10"
			desc="How many lines to scroll each time the mouse wheel is moved or the up/down buttons pressed" />
	</settings>
</meta>